Image,Class,Method,Deletion AUC,Insertion AUC
0,churros,Grad-CAM,0.1837965497886762,0.5292881883028894
0,churros,Grad-CAM++,0.19658240876160565,0.5073851567506791
0,churros,Score-CAM,0.2014556599780917,0.5129198366869241
0,churros,Ablation-CAM,0.1894628845667466,0.5062463158555329
1,churros,Grad-CAM,0.15930013834964482,0.8943142367061228
1,churros,Grad-CAM++,0.16512899243738507,0.9026863608509302
1,churros,Score-CAM,0.17247690048534425,0.9041958079021424
1,churros,Ablation-CAM,0.15223941526375706,0.8899412272777409
2,churros,Grad-CAM,0.2767071978421881,0.9100145239662379
2,churros,Grad-CAM++,0.27944153855554765,0.900105687091127
2,churros,Score-CAM,0.26674245333764707,0.8988991968240586
2,churros,Ablation-CAM,0.28158776691649107,0.9109856579173355
3,churros,Grad-CAM,0.2312441539345309,0.8979551020544023
3,churros,Grad-CAM++,0.2397434132639319,0.8899587175063791
3,churros,Score-CAM,0.22805722335819154,0.9090011467598377
3,churros,Ablation-CAM,0.24880440762266515,0.8984679524740204
4,churros,Grad-CAM,0.011932719850447027,0.2557609599968418
4,churros,Grad-CAM++,0.016672083945013585,0.23752266637282446
4,churros,Score-CAM,0.022694566552527252,0.2487809344450943
4,churros,Ablation-CAM,0.251851892536506,0.018330763257108633
5,churros,Grad-CAM,0.49651440720539547,0.8380461662914606
5,churros,Grad-CAM++,0.5037303899182005,0.8086145261395721
5,churros,Score-CAM,0.5334944172576069,0.8531343323737383
5,churros,Ablation-CAM,0.49614093426149347,0.8205231516622007
6,churros,Grad-CAM,0.3070551860379055,0.7981363098137081
6,churros,Grad-CAM++,0.30230241819750514,0.7859109327103942
6,churros,Score-CAM,0.31863121422939,0.8327182052098214
6,churros,Ablation-CAM,0.30018610011786223,0.8005818582698704
7,churros,Grad-CAM,0.04253155527170748,0.2569253714103252
7,churros,Grad-CAM++,0.08266792449168862,0.18222879805602132
7,churros,Score-CAM,0.10034310239832848,0.19550439711660147
7,churros,Ablation-CAM,0.17327141714747993,0.15581694395747037
8,churros,Grad-CAM,0.3167048006830737,0.8691164531279355
8,churros,Grad-CAM++,0.3285787846893073,0.8681944595463575
8,churros,Score-CAM,0.3157946308888495,0.8782158360350878
8,churros,Ablation-CAM,0.32261331055313347,0.87301434032619
9,churros,Grad-CAM,0.4214591690618545,0.8211332589061932
9,churros,Grad-CAM++,0.4142768128681928,0.8211262745410204
9,churros,Score-CAM,0.41510921397712086,0.8258928036130964
9,churros,Ablation-CAM,0.41917048603761947,0.8039280488109215
10,churros,Grad-CAM,0.08230583133175967,0.7566775515209883
10,churros,Grad-CAM++,0.09138569561066108,0.7733757167123259
10,churros,Score-CAM,0.08705490653403104,0.7827057591918856
10,churros,Ablation-CAM,0.08959181082900612,0.7640052262600512
11,churros,Grad-CAM,0.4706614120164886,0.8750805389136076
11,churros,Grad-CAM++,0.49419045417569574,0.8622942102979869
11,churros,Score-CAM,0.4369805197324603,0.9038531776238233
11,churros,Ablation-CAM,0.47714321507140994,0.8738599027786405
12,churros,Grad-CAM,0.31841369921807194,0.9147399577405303
12,churros,Grad-CAM++,0.3211010017618537,0.9151112418808042
12,churros,Score-CAM,0.3429608802171425,0.9150970865320416
12,churros,Ablation-CAM,0.3468224936118349,0.8976961735542863
13,churros,Grad-CAM,0.20291716736741364,0.6815109412930905
13,churros,Grad-CAM++,0.2295139498822391,0.677175193503499
13,churros,Score-CAM,0.23965703967027369,0.6743884868174791
13,churros,Ablation-CAM,0.21918076869100334,0.6803001068532466
14,churros,Grad-CAM,0.42238465134520087,0.89549332219176
14,churros,Grad-CAM++,0.41808438442647455,0.8850168048683553
14,churros,Score-CAM,0.40863974934909486,0.9095138321351262
14,churros,Ablation-CAM,0.4241095372242853,0.8820068212784827
15,churros,Grad-CAM,0.3108514060592279,0.7714556766301393
15,churros,Grad-CAM++,0.31724338902626187,0.7650724869407713
15,churros,Score-CAM,0.31232865958940237,0.7797502728458494
15,churros,Ablation-CAM,0.3184357251087204,0.7653319334052502
16,churros,Grad-CAM,0.1805349697684869,0.849992163348943
16,churros,Grad-CAM++,0.18361191882286224,0.7691843235678971
16,churros,Score-CAM,0.2249293956439942,0.7910427246429026
16,churros,Ablation-CAM,0.1719622663408518,0.8087185579817743
17,churros,Grad-CAM,0.12404099470935763,0.8613496840372682
17,churros,Grad-CAM++,0.14500055300537498,0.8484581379313023
17,churros,Score-CAM,0.15079967950470743,0.8360077902581542
17,churros,Ablation-CAM,0.13377659486141055,0.8555753158777951
18,churros,Grad-CAM,0.34379165551625185,0.8232341134920717
18,churros,Grad-CAM++,0.3484057411877438,0.8267285528127105
18,churros,Score-CAM,0.3588088720850647,0.8406558508332819
18,churros,Ablation-CAM,0.3397452385537326,0.8232779814861714
19,churros,Grad-CAM,0.15734163614921273,0.8745760836545375
19,churros,Grad-CAM++,0.1602652004221454,0.8711493086721748
19,churros,Score-CAM,0.16527263439726086,0.8823148745298386
19,churros,Ablation-CAM,0.15381727543193846,0.8712620076630265
20,churros,Grad-CAM,0.24683247102890166,0.8778011201228947
20,churros,Grad-CAM++,0.2581427446147427,0.8700977853778749
20,churros,Score-CAM,0.23330597313586626,0.8779119837097824
20,churros,Ablation-CAM,0.29689935198053724,0.8377226660307497
21,churros,Grad-CAM,0.26055541060864923,0.9659432138875126
21,churros,Grad-CAM++,0.2805936522781849,0.9629985395725817
21,churros,Score-CAM,0.26474115070421256,0.9634601259697229
21,churros,Ablation-CAM,0.2772440979676321,0.9609492758661509
22,churros,Grad-CAM,0.08129788548685611,0.8169802790228278
22,churros,Grad-CAM++,0.08320497083012014,0.8187646282743661
22,churros,Score-CAM,0.06358951383270324,0.8240418922994287
22,churros,Ablation-CAM,0.07961823185905816,0.8133355583250522
23,churros,Grad-CAM,0.06715537755750119,0.34267744114156806
23,churros,Grad-CAM++,0.07376474238466472,0.3296326403785496
23,churros,Score-CAM,0.07030893889255822,0.3397951734066009
23,churros,Ablation-CAM,0.07106154847424477,0.3373903678636998
24,churros,Grad-CAM,0.1874485528236255,0.7019332944694906
24,churros,Grad-CAM++,0.20971189167350532,0.713696505865082
24,churros,Score-CAM,0.2906788754044101,0.7425181847903878
24,churros,Ablation-CAM,0.20475550426635894,0.7287868938688188
25,churros,Grad-CAM,0.03802427522372455,0.3211049640271813
25,churros,Grad-CAM++,0.059151026164181525,0.23638940182514487
25,churros,Score-CAM,0.06281210911925883,0.2660452487878501
25,churros,Ablation-CAM,0.042810237235389646,0.303000768776983
26,churros,Grad-CAM,0.17136481096968056,0.7613134724926203
26,churros,Grad-CAM++,0.17532220963854345,0.7517899252381175
26,churros,Score-CAM,0.16339994687587026,0.772352236667648
26,churros,Ablation-CAM,0.18409811798017472,0.7539117042534054
27,churros,Grad-CAM,0.41274796597659585,0.8951844337023794
27,churros,Grad-CAM++,0.38198625937104225,0.8980071257892995
27,churros,Score-CAM,0.36584704356268055,0.9228739544376731
27,churros,Ablation-CAM,0.38352218041196473,0.899077770365402
28,churros,Grad-CAM,0.42100198235362774,0.9047480710316449
28,churros,Grad-CAM++,0.433141290168278,0.9024775926955044
28,churros,Score-CAM,0.4242494502011687,0.9075105440616607
28,churros,Ablation-CAM,0.4179049744270742,0.8985229058191181
29,churros,Grad-CAM,0.41326115627307447,0.8380341670429334
29,churros,Grad-CAM++,0.4170065517444163,0.8331223559379578
29,churros,Score-CAM,0.3571995746158063,0.8363664555409922
29,churros,Ablation-CAM,0.41899597786832604,0.829576792330481
30,churros,Grad-CAM,0.35127593911252913,0.934510454395786
30,churros,Grad-CAM++,0.32820340541191406,0.9374353408813476
30,churros,Score-CAM,0.2808576422696933,0.9496136891376228
30,churros,Ablation-CAM,0.30066438514273613,0.9507097849063574
31,churros,Grad-CAM,0.07033936802065,0.16050876178778703
31,churros,Grad-CAM++,0.05352814495097846,0.1565965835051611
31,churros,Score-CAM,0.05944232761859893,0.15489990194560957
31,churros,Ablation-CAM,0.06047887966036796,0.16844887546496468
32,churros,Grad-CAM,0.20314523091074077,0.900843013972044
32,churros,Grad-CAM++,0.2168978296034038,0.8521717424690725
32,churros,Score-CAM,0.1806005821051076,0.8648366664163768
32,churros,Ablation-CAM,0.20350101991556585,0.8693402901757508
33,churros,Grad-CAM,0.1578973645437509,0.8714105931296945
33,churros,Grad-CAM++,0.15373640017583967,0.8619876657333224
33,churros,Score-CAM,0.1991797581315041,0.8644975205417722
33,churros,Ablation-CAM,0.14435969637706877,0.8637878710310906
34,churros,Grad-CAM,0.3052074074279517,0.8845936113502832
34,churros,Grad-CAM++,0.3053069855645299,0.8813143239263446
34,churros,Score-CAM,0.29849896112456925,0.8932574957609178
34,churros,Ablation-CAM,0.29401473840698605,0.8782005203980952
35,churros,Grad-CAM,0.11048073755111545,0.6758521324675529
35,churros,Grad-CAM++,0.11026710991747679,0.6803964108228685
35,churros,Score-CAM,0.13276818212587385,0.6860948866419494
35,churros,Ablation-CAM,0.12607713908422738,0.6784507968090476
36,churros,Grad-CAM,0.3168914394872263,0.9387984257843346
36,churros,Grad-CAM++,0.3141516819689423,0.9400102196913213
36,churros,Score-CAM,0.2965930466074497,0.9493495839182285
36,churros,Ablation-CAM,0.3001645933790132,0.9455282885208726
37,churros,Grad-CAM,0.041856216578744346,0.10449170201085506
37,churros,Grad-CAM++,0.03547856651246548,0.04599389364942908
37,churros,Score-CAM,0.050690691885538396,0.043116483157500614
37,churros,Ablation-CAM,0.03172182700131089,0.04169782813638449
38,churros,Grad-CAM,0.029094800218008456,0.15355249758809805
38,churros,Grad-CAM++,0.031461076149716966,0.14181185375899077
38,churros,Score-CAM,0.02197798847220838,0.13422847736626864
38,churros,Ablation-CAM,0.18991102080792188,0.035348583073355255
39,churros,Grad-CAM,0.05793387478683145,0.8184384533856064
39,churros,Grad-CAM++,0.05293498718121554,0.8187205628491938
39,churros,Score-CAM,0.0474163683061488,0.8344102904573082
39,churros,Ablation-CAM,0.04807337759411894,0.8260991546791048
40,churros,Grad-CAM,0.406100932448171,0.8831615093071015
40,churros,Grad-CAM++,0.40303821450099353,0.8810557458736002
40,churros,Score-CAM,0.3898555999062955,0.8863476497493683
40,churros,Ablation-CAM,0.3948261442082003,0.8777356847561896
41,churros,Grad-CAM,0.07795350461266935,0.7986919986549765
41,churros,Grad-CAM++,0.0848560934793204,0.7282837015017867
41,churros,Score-CAM,0.05328944324981422,0.7941382198315113
41,churros,Ablation-CAM,0.07534534003585577,0.787876720689237
42,churros,Grad-CAM,0.14274112415499987,0.5502418631780893
42,churros,Grad-CAM++,0.16546768298372627,0.5008079489134253
42,churros,Score-CAM,0.1743973023118451,0.5587396351154893
42,churros,Ablation-CAM,0.14406736064702272,0.532922017229721
43,churros,Grad-CAM,0.2524422121373937,0.8745282178465277
43,churros,Grad-CAM++,0.26045760849956423,0.867314655855298
43,churros,Score-CAM,0.23953656079247593,0.8880550420377403
43,churros,Ablation-CAM,0.24943779481574893,0.8763407233636826
44,churros,Grad-CAM,0.17750350338872523,0.5058413269929587
44,churros,Grad-CAM++,0.2500207290332765,0.4804383583087474
44,churros,Score-CAM,0.23219662135932595,0.4600395916588605
44,churros,Ablation-CAM,0.20909040480386468,0.5085924115777015
45,churros,Grad-CAM,0.3779993053944782,0.8282532647065817
45,churros,Grad-CAM++,0.420174941085279,0.8145988567825407
45,churros,Score-CAM,0.3762858109734952,0.8254939685203134
45,churros,Ablation-CAM,0.4096856434550137,0.8210116027109325
46,churros,Grad-CAM,0.2915362242795528,0.6395212731417269
46,churros,Grad-CAM++,0.32316002393607046,0.6027210721001028
46,churros,Score-CAM,0.31245549488812685,0.6085251481179149
46,churros,Ablation-CAM,0.27035235876217484,0.6488167759403585
47,churros,Grad-CAM,0.30314200279768555,0.8799688041117042
47,churros,Grad-CAM++,0.3057924274401739,0.8802968873176723
47,churros,Score-CAM,0.28251804487779736,0.8860499085951596
47,churros,Ablation-CAM,0.29594606247264893,0.8822757557872682
48,churros,Grad-CAM,0.4658232862642035,0.9137259368505329
48,churros,Grad-CAM++,0.4699884056579322,0.9149664265476167
48,churros,Score-CAM,0.43078779208008205,0.8986375756654889
48,churros,Ablation-CAM,0.46645391051191837,0.9148285778146238
49,churros,Grad-CAM,0.24533033671788873,0.9188182853814215
49,churros,Grad-CAM++,0.2465035115927458,0.9277965755108744
49,churros,Score-CAM,0.22425638576969506,0.940583642628044
49,churros,Ablation-CAM,0.23859230325091632,0.9376426901761441
50,churros,Grad-CAM,0.03084026279779209,0.3616958509758114
50,churros,Grad-CAM++,0.03359133692902106,0.21153116097673771
50,churros,Score-CAM,0.05347204709716607,0.21763783638365566
50,churros,Ablation-CAM,0.3986784995766357,0.0787464247213211
51,churros,Grad-CAM,0.061520613578613846,0.8004312053788453
51,churros,Grad-CAM++,0.06403825152665378,0.770423129769042
51,churros,Score-CAM,0.03498784245457501,0.838704381491989
51,churros,Ablation-CAM,0.05941663073375822,0.7926846611220391
52,churros,Grad-CAM,0.04356972468551248,0.7463058676104993
52,churros,Grad-CAM++,0.05156071987003088,0.6832553728576749
52,churros,Score-CAM,0.029459910111036148,0.7625239165406674
52,churros,Ablation-CAM,0.04423331078141928,0.7890275555010886
53,churros,Grad-CAM,0.3297359700175002,0.7085923403222114
53,churros,Grad-CAM++,0.3117605115426705,0.7077481916733085
53,churros,Score-CAM,0.3313341108942404,0.7021109484042973
53,churros,Ablation-CAM,0.32906833618413656,0.705113609675318
54,churros,Grad-CAM,0.06045919928932562,0.5349817539704964
54,churros,Grad-CAM++,0.10255671619437634,0.46407234409358344
54,churros,Score-CAM,0.09974178967531772,0.44546383431181313
54,churros,Ablation-CAM,0.09628190496005118,0.5011543946387247
55,churros,Grad-CAM,0.22406435741111635,0.8473098225146533
55,churros,Grad-CAM++,0.23955141028389337,0.8425943839363754
55,churros,Score-CAM,0.24050858017522841,0.8340917167812586
55,churros,Ablation-CAM,0.20570645868312568,0.8506025497242808
56,churros,Grad-CAM,0.20410834259353577,0.6347412431892008
56,churros,Grad-CAM++,0.19933921446092426,0.6327722961548716
56,churros,Score-CAM,0.2401355422241613,0.6357775173336268
56,churros,Ablation-CAM,0.21729512849822638,0.6301002589054405
57,churros,Grad-CAM,0.22653084949124605,0.8378460372705011
57,churros,Grad-CAM++,0.23333742721471937,0.8335656708106398
57,churros,Score-CAM,0.22860937604680656,0.8323670487757773
57,churros,Ablation-CAM,0.23559514861088246,0.8363616133015602
58,churros,Grad-CAM,0.1122359153162688,0.805859826700762
58,churros,Grad-CAM++,0.10970382312312722,0.8169874204602093
58,churros,Score-CAM,0.17476874924264849,0.82064098123461
58,churros,Ablation-CAM,0.16914432696998116,0.8190726347733288
59,churros,Grad-CAM,0.28565498715732246,0.7834841866791249
59,churros,Grad-CAM++,0.3245237658033147,0.7888119551539422
59,churros,Score-CAM,0.3130774811981246,0.7932098086643964
59,churros,Ablation-CAM,0.3128866796754301,0.7892220801021904
60,churros,Grad-CAM,0.4845629428932443,0.7296316705364734
60,churros,Grad-CAM++,0.5074220317555592,0.6879128850717099
60,churros,Score-CAM,0.5099298065062612,0.7806563966162503
60,churros,Ablation-CAM,0.5059425875544549,0.7005519249755888
61,churros,Grad-CAM,0.19680203125346454,0.8315803267154842
61,churros,Grad-CAM++,0.20171610100660473,0.8313222026638688
61,churros,Score-CAM,0.19932873824611308,0.8286941573489458
61,churros,Ablation-CAM,0.21012214319314804,0.8324378378875553
62,churros,Grad-CAM,0.10612599075771868,0.9205252032075077
62,churros,Grad-CAM++,0.10957619545515625,0.9230685448460281
62,churros,Score-CAM,0.1070080999052152,0.9270424484275279
62,churros,Ablation-CAM,0.10630088228266688,0.9224278866499662
63,churros,Grad-CAM,0.14757260812446477,0.7892989136371761
63,churros,Grad-CAM++,0.15966710889711974,0.7850897833146154
63,churros,Score-CAM,0.15153890205081555,0.7919246160425246
63,churros,Ablation-CAM,0.14961695475038142,0.7890814092196523
64,churros,Grad-CAM,0.20669990688562395,0.9082862993609161
64,churros,Grad-CAM++,0.22197822433896366,0.9085659175366163
64,churros,Score-CAM,0.21012967911548908,0.9123640657030045
64,churros,Ablation-CAM,0.21383154827170076,0.909808588186279
65,churros,Grad-CAM,0.01760583506547846,0.5896632773638703
65,churros,Grad-CAM++,0.015112741956327226,0.4450867735315115
65,churros,Score-CAM,0.019813771656044993,0.4600629378203302
65,churros,Ablation-CAM,0.017663290323980622,0.4958598923007958
66,churros,Grad-CAM,0.1446561883809045,0.6507993041072042
66,churros,Grad-CAM++,0.19834902055561543,0.6340343052893876
66,churros,Score-CAM,0.13667053608223795,0.7351241352502257
66,churros,Ablation-CAM,0.16057435964234174,0.6383326434530318
67,churros,Grad-CAM,0.06775479771662506,0.840377833303064
67,churros,Grad-CAM++,0.07564117600675674,0.8417247046902776
67,churros,Score-CAM,0.054683075486682366,0.849336413796991
67,churros,Ablation-CAM,0.08197145948186517,0.8403042575623839
68,churros,Grad-CAM,0.26831667066551745,0.7525134978722781
68,churros,Grad-CAM++,0.26410953189712016,0.7626031652465464
68,churros,Score-CAM,0.28023186306934805,0.7590871064551175
68,churros,Ablation-CAM,0.27349691038951285,0.7600572974886745
69,churros,Grad-CAM,0.2550521476007998,0.8838813293725252
69,churros,Grad-CAM++,0.2396116545284167,0.8770418983697893
69,churros,Score-CAM,0.23795256495010111,0.8844711346179248
69,churros,Ablation-CAM,0.24182035856880246,0.8807980204001067
70,churros,Grad-CAM,0.14356953382026405,0.8328713731002063
70,churros,Grad-CAM++,0.18059067111462357,0.8129860618244856
70,churros,Score-CAM,0.12828778967726975,0.8327228009887041
70,churros,Ablation-CAM,0.17825353441759947,0.8157495484687388
71,churros,Grad-CAM,0.212330712066032,0.8755616200808435
71,churros,Grad-CAM++,0.2801325393561274,0.8336163412220775
71,churros,Score-CAM,0.26382350708357993,0.8869259334355591
71,churros,Ablation-CAM,0.248593545644544,0.8727489638701081
72,churros,Grad-CAM,0.17170160822104663,0.26730033156462013
72,churros,Grad-CAM++,0.17916708689182997,0.26041279555298386
72,churros,Score-CAM,0.1664131377451122,0.251699284017086
72,churros,Ablation-CAM,0.1663259550975636,0.2578596213366836
73,churros,Grad-CAM,0.09465994461905211,0.6476426835637539
73,churros,Grad-CAM++,0.15608927862253041,0.5495641251653433
73,churros,Score-CAM,0.14780040989629928,0.5196471347659826
73,churros,Ablation-CAM,0.12047078071162104,0.5814951566234231
74,churros,Grad-CAM,0.24204948742408305,0.839140986641869
74,churros,Grad-CAM++,0.249929124568589,0.833443400617689
74,churros,Score-CAM,0.2322167529910803,0.8469589355029165
74,churros,Ablation-CAM,0.2432195569481701,0.8389702667016535
75,churros,Grad-CAM,0.18377741495613006,0.9241195771656932
75,churros,Grad-CAM++,0.2022179789887741,0.9126934059383348
75,churros,Score-CAM,0.1738222518702969,0.9273229331336916
75,churros,Ablation-CAM,0.18141247264109553,0.9191932950355113
76,churros,Grad-CAM,0.40786055949050937,0.9124873034190385
76,churros,Grad-CAM++,0.4040047926688567,0.911196660073474
76,churros,Score-CAM,0.40621266380418086,0.9184734523575753
76,churros,Ablation-CAM,0.4035439558047801,0.9205347816087305
77,churros,Grad-CAM,0.1858429423486814,0.7902408660110087
77,churros,Grad-CAM++,0.22766670447308573,0.7629341587424278
77,churros,Score-CAM,0.14993109271395952,0.8215936641767622
77,churros,Ablation-CAM,0.2464498605439439,0.7765712129790335
78,churros,Grad-CAM,0.22588077417574823,0.9025986237451434
78,churros,Grad-CAM++,0.23234739830717444,0.8923448679689318
78,churros,Score-CAM,0.20210253407247364,0.9233892203122377
78,churros,Ablation-CAM,0.22346254892647266,0.898020388763398
79,churros,Grad-CAM,0.09765109882690011,0.5749805914075115
79,churros,Grad-CAM++,0.09939233721699567,0.5570863648178056
79,churros,Score-CAM,0.09252448474988341,0.5623272449010984
79,churros,Ablation-CAM,0.09887223319616169,0.5682782563543879
80,churros,Grad-CAM,0.012763794347411022,0.6409360647480935
80,churros,Grad-CAM++,0.029720227695070208,0.362006138022989
80,churros,Score-CAM,0.01784754170104861,0.5066545104980469
80,churros,Ablation-CAM,0.707128714332357,0.004059242465591524
81,churros,Grad-CAM,0.05712682480807416,0.901175491241738
81,churros,Grad-CAM++,0.058378615803085274,0.8928793467860668
81,churros,Score-CAM,0.054629495916888114,0.8993341130856425
81,churros,Ablation-CAM,0.05683923628646881,0.8929774567391723
82,churros,Grad-CAM,0.18420402221381665,0.895023755133152
82,churros,Grad-CAM++,0.19962940408848226,0.8873974423389882
82,churros,Score-CAM,0.1622929852036759,0.8851849847938865
82,churros,Ablation-CAM,0.19870173095259816,0.8907581645064055
83,churros,Grad-CAM,0.1836496723350137,0.8860381540004163
83,churros,Grad-CAM++,0.19117355219088497,0.7940621453430504
83,churros,Score-CAM,0.19302632443141188,0.8184678367711602
83,churros,Ablation-CAM,0.17421061225235465,0.8095425246004013
84,churros,Grad-CAM,0.4136413205601275,0.8251629812363535
84,churros,Grad-CAM++,0.4149145186599344,0.8194260939769448
84,churros,Score-CAM,0.4135677359160036,0.8024329133797438
84,churros,Ablation-CAM,0.417477571675554,0.8099484131950884
85,churros,Grad-CAM,0.30062106670346117,0.9275400861911475
85,churros,Grad-CAM++,0.28713294795714317,0.9266364655829967
85,churros,Score-CAM,0.32061715992633255,0.9215228587854652
85,churros,Ablation-CAM,0.316435077516362,0.9277361921593548
86,churros,Grad-CAM,0.12244330253917723,0.7332364915031939
86,churros,Grad-CAM++,0.10671171876601873,0.7341988279204816
86,churros,Score-CAM,0.10762856313958763,0.7330806431453675
86,churros,Ablation-CAM,0.11375641969032588,0.7538515193108467
87,churros,Grad-CAM,0.4151656031422317,0.9388081748690456
87,churros,Grad-CAM++,0.47324371469207105,0.943284834213555
87,churros,Score-CAM,0.3858030591998249,0.9486745695024729
87,churros,Ablation-CAM,0.4066340171266347,0.9468515123426915
88,churros,Grad-CAM,0.4296396622899919,0.8957998768612744
88,churros,Grad-CAM++,0.42684851853642614,0.8949450002331287
88,churros,Score-CAM,0.4295371029339732,0.9164589648135008
88,churros,Ablation-CAM,0.42473680508788675,0.8982498189993202
89,churros,Grad-CAM,0.027059127911925315,0.05587443130556494
89,churros,Grad-CAM++,0.04259758746251464,0.04308876635041088
89,churros,Score-CAM,0.0391192799480632,0.04120694160927088
89,churros,Ablation-CAM,0.058610220733098684,0.028867637193761765
90,churros,Grad-CAM,0.5543987624114379,0.845922437189147
90,churros,Grad-CAM++,0.5644551493320614,0.8476173590030519
90,churros,Score-CAM,0.5672535769036041,0.8256544273067266
90,churros,Ablation-CAM,0.5678944676229731,0.8546505221445115
91,churros,Grad-CAM,0.3991638819780201,0.7411423149332403
91,churros,Grad-CAM++,0.3730433566262945,0.7268850039876995
91,churros,Score-CAM,0.49616692966781556,0.7511952328588813
91,churros,Ablation-CAM,0.4503516246285289,0.755399289019406
92,churros,Grad-CAM,0.6213542290776968,0.9266905956156551
92,churros,Grad-CAM++,0.6292317438358441,0.92753374456428
92,churros,Score-CAM,0.6171943715121597,0.929866150310263
92,churros,Ablation-CAM,0.617911069188267,0.9260363909229635
93,churros,Grad-CAM,0.2596544250519946,0.3989868875639513
93,churros,Grad-CAM++,0.31457831303589046,0.373602737779729
93,churros,Score-CAM,0.32172355209011594,0.4134340210072696
93,churros,Ablation-CAM,0.3103370137000457,0.361764542418532
94,churros,Grad-CAM,0.38930579253006725,0.8576311027072371
94,churros,Grad-CAM++,0.42311230300460007,0.8634364011697471
94,churros,Score-CAM,0.4042028980236501,0.8748375989031045
94,churros,Ablation-CAM,0.4233871978661045,0.8604750590771435
95,churros,Grad-CAM,0.02581635090522468,0.38567666416056445
95,churros,Grad-CAM++,0.02983565605245531,0.2369407373666764
95,churros,Score-CAM,0.048172102603130026,0.21057488664984703
95,churros,Ablation-CAM,0.20426796747837217,0.07407320899888875
96,churros,Grad-CAM,0.0572507101111114,0.8157556870486588
96,churros,Grad-CAM++,0.13743676861748103,0.371438862895593
96,churros,Score-CAM,0.06540732301305979,0.5690473272837697
96,churros,Ablation-CAM,0.04824710511136801,0.6351969550829383
97,churros,Grad-CAM,0.31711572452913966,0.8565441721957178
97,churros,Grad-CAM++,0.32312502738554033,0.8522756227757781
97,churros,Score-CAM,0.29073666952084753,0.8589537839591505
97,churros,Ablation-CAM,0.32197844748385246,0.8480916382092983
98,churros,Grad-CAM,0.03320589248090982,0.5274360819486902
98,churros,Grad-CAM++,0.05090907496865838,0.46909461842384187
98,churros,Score-CAM,0.05455537694972008,0.47765055188909167
98,churros,Ablation-CAM,0.03863396052736789,0.4893702842062339
99,churros,Grad-CAM,0.3347627020580694,0.8482045115251095
99,churros,Grad-CAM++,0.3454607827309519,0.8408855198323727
99,churros,Score-CAM,0.344683488192968,0.837514407467097
99,churros,Ablation-CAM,0.3677384107653052,0.8304905243963002
